frame,global_time,section_id,section_time,type,val
64,6.312126688979333,1,1.0655404169810936,space,97
140,7.571645307994913,1,2.325058607995743,space,97
1,7.6193259400024544,2,0.01646950500435196,frame,100
