frame,global_time,section_id,section_time,type,val
1348,28.744002100000216,1,22.429077900000266,space,-999
