frame,global_time,section_id,section_time,type,val
154,9.819172204006463,1,2.570200473011937,space,97
345,13.005186049005715,1,5.756213888002094,space,97
1,13.05271521199029,2,0.01716978900367394,frame,100
1,13.952693032013485,3,0.01607933299965225,frame,100
